source,window_s,prefix_bin,roots,resampling_units,family,info,status,crps,zero_brier,median_abs_error,interval_score90,width90,coverage50,coverage80,coverage90,coverage95,msle_saved_median
weibo,300,0,1622,1438,hurdle,I0,available,71.88497432173146,4.039913203144389e-06,77.79284833538841,1138.8273736128237,319.0,0.9019728729963009,0.9549938347718866,0.9722564734895192,0.9796547472256474,1.1343903962983921
weibo,300,0,1622,1438,hurdle,I1,available,71.89239305410997,6.431469378482527e-05,78.5265104808878,1131.7533908754624,302.0,0.9001233045622689,0.9525277435265105,0.9704069050554871,0.9790382244143033,1.1645084489868516
weibo,300,0,1622,1438,qrf,I0,available,67.25120252033518,0.0,74.57583230579532,1101.0690505548705,177.0,0.49506781750924783,0.7983970406905055,0.9414303329223181,0.9796547472256474,1.1932750383540045
weibo,300,0,1622,1438,qrf,I1,available,67.25047993587827,0.0,74.57583230579532,1100.9547883271682,177.66666666666669,0.49506781750924783,0.8000411015207564,0.9418413481298807,0.9796547472256474,1.1932750383540045
weibo,300,0,1622,1438,ngboost,I0,available,68.04355139521317,9.698828405639353e-06,75.7324290998767,1107.612823674476,174.0,0.5493218249075216,0.9093711467324291,0.94019728729963,0.9630086313193588,1.06943017162846
weibo,300,0,1622,1438,ngboost,I1,available,67.78974025096824,1.4704483485683415e-05,74.95067817509248,1115.9938347718867,151.0,0.5702836004932182,0.8958076448828607,0.9290998766954377,0.9525277435265105,1.0755942060003356
weibo,300,0,1622,1438,nb2_glm,I0,available,71.88954073139318,0.0075505201046732594,77.44882860665845,1141.1627620221948,323.0,0.9019728729963009,0.9549938347718866,0.9728729963008631,0.9796547472256474,1.1209082331472606
weibo,300,0,1622,1438,nb2_glm,I1,available,71.84413617417033,0.005306812495481894,78.5265104808878,1133.569667077682,305.0,0.9001233045622689,0.9525277435265105,0.9704069050554871,0.9790382244143033,1.1645084489868516
weibo,300,0,1622,1438,poisson_glm,I0,available,74.07340794179333,3.8268186138263516e-30,77.11837237977805,1388.8520345252775,19.0,0.07829839704069051,0.11775585696670776,0.16029593094944514,0.19790382244143034,1.1086116926466332
weibo,300,0,1622,1438,poisson_glm,I1,available,107.0510226061985,1.9593111660819646e-80,112.5363748458693,1968.189889025894,32.0,0.011097410604192354,0.031442663378545004,0.04808877928483354,0.054870530209617754,2.4626706327285857
weibo,300,0,1622,1438,empirical_window,I0,available,69.61340506192865,1.469444444444442e-05,75.50924784217015,1206.4451294697903,447.0,0.5900123304562269,0.8625154130702836,0.9808877928483354,0.9889025893958077,1.0671884473617028
weibo,300,0,1622,1438,conditional_empirical,I0,available,68.7993016029593,0.0,74.70776818742293,1214.6411837237977,54.0,0.5795314426633785,0.686806411837238,0.8292231812577066,0.9210850801479655,1.0969030404009856
weibo,300,1-2,1516,1277,hurdle,I0,available,54.10290850819965,1.0614618857517637e-05,59.00197889182058,801.523746701847,383.344327176781,0.8073878627968337,0.9736147757255936,0.9815303430079155,0.9861477572559367,1.2329570896726854
weibo,300,1-2,1516,1277,hurdle,I1,available,52.64239985906981,7.571588369583874e-05,58.70976253298153,774.1259894459102,330.18139841688657,0.7473614775725593,0.9709762532981531,0.9782321899736148,0.9828496042216359,1.2066337756726186
weibo,300,1-2,1516,1277,qrf,I0,available,45.1236016609123,0.0,51.19129287598945,695.368073878628,153.20448548812664,0.5,0.7948548812664907,0.9346965699208444,0.9755936675461742,0.9777310438042943
weibo,300,1-2,1516,1277,qrf,I1,available,45.19489431826626,3.9841559250669966e-08,51.21284080914687,701.5734388742304,157.78276165347407,0.5167106420404572,0.8175021987686897,0.9291996481970097,0.9736147757255936,0.9652099909536407
weibo,300,1-2,1516,1277,ngboost,I0,available,46.15724835130072,9.698828405639351e-06,52.78298153034301,701.4142480211082,174.0,0.5131926121372031,0.9281002638522428,0.9591029023746702,0.9722955145118733,0.9504165211242998
weibo,300,1-2,1516,1277,ngboost,I1,available,46.05984862061547,1.0855561633952399e-05,52.50923482849604,703.0349604221636,160.79221635883906,0.5329815303430079,0.9036939313984169,0.9511873350923483,0.9689973614775725,0.9460649670828329
weibo,300,1-2,1516,1277,nb2_glm,I0,available,54.0055257762283,0.006384129823814924,58.47031662269129,804.207783641161,386.9518469656992,0.8891820580474934,0.9736147757255936,0.9821899736147758,0.9861477572559367,1.2080880542823764
weibo,300,1-2,1516,1277,nb2_glm,I1,available,52.68641688645212,0.005013141469015855,58.352242744063325,778.5105540897098,336.9274406332454,0.7955145118733509,0.9716358839050132,0.9782321899736148,0.9835092348284961,1.1908583808822724
weibo,300,1-2,1516,1277,poisson_glm,I0,available,73.60717188201042,3.3498736873374984e-55,77.94063324538259,1326.9069920844327,27.96240105540897,0.027704485488126648,0.04947229551451187,0.06266490765171503,0.07519788918205805,2.0295836940702396
weibo,300,1-2,1516,1277,poisson_glm,I1,available,87.8687105278908,1.3104610500014807e-27,92.8245382585752,1596.97691292876,30.45976253298153,0.025725593667546173,0.04617414248021108,0.05870712401055409,0.06992084432717678,2.4409671580965107
weibo,300,1-2,1516,1277,empirical_window,I0,available,48.962048397246576,1.4694444444444416e-05,52.4967018469657,844.2823218997362,447.0,0.5639841688654353,0.7994722955145118,0.8799472295514512,0.9742744063324539,0.9405017906787315
weibo,300,1-2,1516,1277,conditional_empirical,I0,available,49.13528443271764,0.0,51.97559366754617,729.207783641161,77.24208443271768,0.37994722955145116,0.7447229551451188,0.8126649076517151,0.9907651715039578,1.0431319099944274
weibo,300,3-9,1251,934,hurdle,I0,available,97.15901010862791,2.949149861986561e-05,111.35491606714628,1372.963229416467,465.30535571542765,0.7513988808952837,0.9344524380495604,0.9592326139088729,0.9680255795363709,1.3404734054418959
weibo,300,3-9,1251,934,hurdle,I1,available,97.33563453873353,8.391937305722371e-06,112.87050359712231,1380.1550759392485,397.8689048760991,0.7234212629896083,0.9200639488409272,0.9440447641886491,0.9608313349320543,1.3669501936716417
weibo,300,3-9,1251,934,qrf,I0,available,93.81807764809433,1.0476608547760577e-05,108.83772981614709,1388.707434052758,359.40287769784175,0.5054622968292033,0.806554756195044,0.8936850519584333,0.9392486011191047,1.2816765892804203
weibo,300,3-9,1251,934,qrf,I1,available,95.88351524945345,0.00032492859642396896,109.10471622701839,1439.4098054889423,453.5744737543299,0.5523581135091926,0.8196109778843591,0.901945110578204,0.9507061017852384,1.30112833512809
weibo,300,3-9,1251,934,ngboost,I0,available,99.57313213517371,4.1049861208634055e-05,116.26298960831335,1456.2486011191047,195.64108713029577,0.4540367705835332,0.8025579536370904,0.8872901678657075,0.9280575539568345,1.7182479622381115
weibo,300,3-9,1251,934,ngboost,I1,available,98.17916932509091,0.0001628585843922518,114.51159072741807,1439.722621902478,241.22541966426857,0.47961630695443647,0.8057553956834532,0.8896882494004796,0.935251798561151,1.5851296010344127
weibo,300,3-9,1251,934,nb2_glm,I0,available,97.21013318909424,0.005354289657308422,111.34612310151878,1374.2741806554757,467.6394884092726,0.762589928057554,0.935251798561151,0.9592326139088729,0.9680255795363709,1.340426766009145
weibo,300,3-9,1251,934,nb2_glm,I1,available,97.27136476042695,0.004296453555092969,112.74820143884892,1378.2517985611512,401.7849720223821,0.7354116706634692,0.9224620303756994,0.9448441247002398,0.9624300559552358,1.369049095053965
weibo,300,3-9,1251,934,poisson_glm,I0,available,154.8446241588913,2.5025206440706334e-101,161.78337330135892,2875.6746602717826,41.62190247801759,0.015187849720223821,0.03437250199840128,0.04476418864908074,0.050359712230215826,2.441573522412149
weibo,300,3-9,1251,934,poisson_glm,I1,available,129.4535989096875,1.3175880587238152e-44,135.32214228617107,2399.03517186251,36.04556354916067,0.027977617905675458,0.05515587529976019,0.07274180655475619,0.0903277378097522,1.8909971619857255
weibo,300,3-9,1251,934,empirical_window,I0,available,97.6634141510815,1.4694444444444413e-05,116.63629096722622,1370.3892885691446,447.0,0.5371702637889688,0.8233413269384492,0.8952837729816147,0.9344524380495604,1.7589708751382285
weibo,300,3-9,1251,934,conditional_empirical,I0,available,96.24964092725817,0.0,111.05835331734612,1422.9568345323742,287.9128697042366,0.45883293365307753,0.7266187050359713,0.8377298161470823,0.9048760991207034,1.3283679468628153
weibo,300,10-49,526,362,hurdle,I0,available,324.78559192403765,0.02247925552554525,399.10076045627375,4288.855513307984,597.3726235741445,0.42585551330798477,0.7243346007604563,0.8155893536121673,0.8612167300380228,3.1243292786544634
weibo,300,10-49,526,362,hurdle,I1,available,323.5621425481722,0.020379384378358272,397.9771863117871,4257.239543726236,567.5437262357415,0.39543726235741444,0.7167300380228137,0.8098859315589354,0.8669201520912547,3.0487947186538915
weibo,300,10-49,526,362,qrf,I0,available,284.97020636891267,0.02351900282398315,336.3688212927757,3741.143852978454,1208.6850443599494,0.47718631178707227,0.738276299112801,0.8257287705956907,0.8935361216730038,1.9552512334521575
weibo,300,10-49,526,362,qrf,I1,available,272.58494955971537,0.017715569394455632,334.393536121673,3370.89670468948,1140.567173637516,0.5006337135614701,0.7908745247148289,0.8922686945500634,0.9455006337135614,1.687659393887273
weibo,300,10-49,526,362,ngboost,I0,available,341.2943228884245,0.02251228896938416,413.69011406844106,4380.32319391635,506.25475285171103,0.21102661596958175,0.6140684410646388,0.7775665399239544,0.8536121673003803,4.001681592356743
weibo,300,10-49,526,362,ngboost,I1,available,330.65752044291673,0.022400981690838387,409.4847908745247,3964.8231939163497,673.1501901140684,0.23954372623574144,0.6159695817490495,0.7984790874524715,0.8726235741444867,3.6918427607639823
weibo,300,10-49,526,362,nb2_glm,I0,available,325.0179501207677,0.024072054978070197,399.4942965779468,4290.030418250951,598.4334600760457,0.42585551330798477,0.7262357414448669,0.8384030418250951,0.8840304182509505,3.139130771186693
weibo,300,10-49,526,362,nb2_glm,I1,available,324.64740997932154,0.023251586748121455,399.7528517110266,4257.0342205323195,567.3764258555133,0.3897338403041825,0.7129277566539924,0.8231939163498099,0.8783269961977186,3.1363712615786907
weibo,300,10-49,526,362,poisson_glm,I0,available,407.0052294573903,0.022813688212927757,418.638783269962,7760.87072243346,70.33840304182509,0.02091254752851711,0.030418250950570342,0.039923954372623575,0.04752851711026616,2.6480407430501396
weibo,300,10-49,526,362,poisson_glm,I1,available,344.810079415734,0.022813688212927757,354.6102661596958,6578.439163498098,59.61787072243346,0.026615969581749048,0.06273764258555133,0.07984790874524715,0.10266159695817491,2.292140988803349
weibo,300,10-49,526,362,empirical_window,I0,available,363.9702951208304,0.02265347771440642,429.61216730038024,4777.608365019011,447.0,0.13688212927756654,0.48098859315589354,0.7300380228136882,0.8593155893536122,5.641894595484622
weibo,300,10-49,526,362,conditional_empirical,I0,available,285.89211863117856,0.0235680608365019,336.212927756654,3754.3688212927755,1136.764258555133,0.44866920152091255,0.7357414448669202,0.7984790874524715,0.8954372623574145,1.9616634261262593
weibo,300,50+,85,67,hurdle,I0,available,2302.8401550382573,0.0798827845886106,2472.505882352941,40173.34117647059,873.8117647058823,0.16470588235294117,0.36470588235294116,0.4235294117647059,0.6,7.868610882851232
weibo,300,50+,85,67,hurdle,I1,available,2169.3984251406355,0.07092734326575792,2466.8117647058825,32791.41176470588,2005.764705882353,0.18823529411764706,0.4117647058823529,0.5764705882352941,0.7058823529411765,7.527692113478636
weibo,300,50+,85,67,qrf,I0,available,1773.5176523027476,0.07407950098738114,2332.309803921569,12075.964705882352,8224.513725490197,0.4509803921568627,0.788235294117647,0.8941176470588236,0.9411764705882353,6.297440819387594
weibo,300,50+,85,67,qrf,I1,available,1480.9739180006986,0.05336188631381739,2121.6117647058823,8457.517647058823,7691.243137254902,0.6,0.8666666666666666,0.968627450980392,0.9764705882352941,3.753324167517517
weibo,300,50+,85,67,ngboost,I0,available,2012.0168895369502,0.08080621998284841,2435.670588235294,23925.976470588233,3727.3882352941177,0.2235294117647059,0.611764705882353,0.788235294117647,0.8588235294117647,6.621084137198467
weibo,300,50+,85,67,ngboost,I1,available,1990.544673231292,0.0735566888726323,2435.141176470588,22527.317647058822,5491.317647058823,0.29411764705882354,0.6235294117647059,0.9058823529411765,0.9882352941176471,6.317254107545864
weibo,300,50+,85,67,nb2_glm,I0,available,2300.597562183825,0.0760403390552115,2469.423529411765,40154.0,875.4117647058823,0.17647058823529413,0.35294117647058826,0.5058823529411764,0.6588235294117647,7.7068840918711725
weibo,300,50+,85,67,nb2_glm,I1,available,2150.8499495976816,0.07980369925333283,2442.835294117647,32778.129411764705,1961.4235294117648,0.17647058823529413,0.4,0.5294117647058824,0.6941176470588235,7.710948987363886
weibo,300,50+,85,67,poisson_glm,I0,available,2682.504643050504,0.08235294117647059,2709.6117647058823,52776.364705882355,161.30588235294118,0.011764705882352941,0.03529411764705882,0.03529411764705882,0.03529411764705882,8.317797153457759
weibo,300,50+,85,67,poisson_glm,I1,available,2946.44530081104,0.08235294117647059,2973.6,58052.541176470586,162.18823529411765,0.023529411764705882,0.07058823529411765,0.07058823529411765,0.07058823529411765,9.26969741457723
weibo,300,50+,85,67,empirical_window,I0,available,2408.4817183594796,0.08173626307189541,2518.1882352941175,44470.529411764706,447.0,0.03529411764705882,0.12941176470588237,0.29411764705882354,0.47058823529411764,12.68111437956214
weibo,300,50+,85,67,conditional_empirical,I0,available,1860.0980894117642,0.07538823529411764,2375.6588235294116,18904.164705882355,6485.576470588236,0.3764705882352941,0.788235294117647,0.8588235294117647,0.9647058823529412,6.607518073737313
weibo,900,0,764,708,hurdle,I0,available,71.26627266095207,1.0670262316934836e-05,77.86649214659685,1122.0157068062827,285.0,0.8769633507853403,0.9450261780104712,0.9607329842931938,0.9698952879581152,1.170743515060598
weibo,900,0,764,708,hurdle,I1,available,71.28718200236655,0.0001340092434633428,78.17277486910994,1119.0104712041884,271.0,0.8756544502617801,0.9397905759162304,0.9607329842931938,0.9672774869109948,1.1808367002854652
weibo,900,0,764,708,qrf,I0,available,68.06679607184604,0.0,75.81937172774869,1118.1204188481674,151.0,0.5719895287958116,0.7892670157068062,0.925392670157068,0.9698952879581152,1.3236251131403103
weibo,900,0,764,708,qrf,I1,available,68.06482807236547,1.3291234551974708e-09,75.81937172774869,1117.4904013961607,152.33333333333331,0.5719895287958116,0.8184991273996508,0.9258289703315882,0.9698952879581152,1.3236251131403103
weibo,900,0,764,708,ngboost,I0,available,68.8169581906006,5.152381871377835e-06,76.31937172774869,1134.068062827225,137.0,0.5497382198952879,0.8769633507853403,0.918848167539267,0.9410994764397905,1.1503008352157476
weibo,900,0,764,708,ngboost,I1,available,68.75586854031624,1.924849209069299e-05,75.90575916230367,1136.3141361256544,136.0,0.5772251308900523,0.8717277486910995,0.918848167539267,0.9410994764397905,1.1808805362347348
weibo,900,0,764,708,nb2_glm,I0,available,71.28591600021387,0.008412787969521204,77.58638743455498,1123.4450261780105,288.0,0.8756544502617801,0.9450261780104712,0.9607329842931938,0.9698952879581152,1.162105559898744
weibo,900,0,764,708,nb2_glm,I1,available,71.28434067022414,0.005949434015177143,78.17277486910994,1120.2251308900525,273.0,0.8756544502617801,0.9410994764397905,0.9607329842931938,0.9672774869109948,1.1808367002854652
weibo,900,0,764,708,poisson_glm,I0,available,75.21090655481339,1.7345898501479368e-12,76.94502617801047,1452.9685863874345,12.0,0.25,0.46335078534031415,0.5117801047120419,0.5314136125654451,1.6748206577043125
weibo,900,0,764,708,poisson_glm,I1,available,78.14882506602493,5.24514938128678e-38,81.61256544502618,1449.8795811518326,22.0,0.056282722513089,0.1243455497382199,0.17539267015706805,0.20026178010471204,1.3195191827102875
weibo,900,0,764,708,empirical_window,I0,available,69.12271086794856,0.00016469444444444469,76.01832460732984,1157.083769633508,403.0,0.6675392670157068,0.9450261780104712,0.9698952879581152,0.9842931937172775,1.167140325529674
weibo,900,0,764,708,conditional_empirical,I0,available,69.92189738219895,0.0,75.81937172774869,1236.9057591623036,54.0,0.3494764397905759,0.6963350785340314,0.8298429319371727,0.925392670157068,1.32362511314031
weibo,900,1-2,982,889,hurdle,I0,available,63.84803547307276,2.8575587060365608e-05,68.41649694501018,1041.8329938900204,343.13645621181263,0.835030549898167,0.9816700610997964,0.9877800407331976,0.9928716904276986,1.3390601366619044
weibo,900,1-2,982,889,hurdle,I1,available,61.31234996448277,0.00036677609813922486,66.72606924643584,990.8676171079429,284.4725050916497,0.7820773930753564,0.9765784114052953,0.9867617107942973,0.9908350305498982,1.2264833317701644
weibo,900,1-2,982,889,qrf,I0,available,53.84998038819087,0.0,58.0173116089613,920.2505091649695,121.28920570264766,0.48981670061099797,0.8808553971486762,0.9490835030549898,0.9786150712830958,0.9801181228101549
weibo,900,1-2,982,889,qrf,I1,available,53.83184812729749,5.676357480264443e-06,58.08825526137136,922.7688391038697,129.2725729803123,0.5230821452817379,0.8906992532247116,0.945010183299389,0.9809911744738629,0.9423267542537189
weibo,900,1-2,982,889,ngboost,I0,available,55.54159407630301,5.1523818713778334e-06,61.36150712830957,922.6822810590631,137.0,0.4663951120162933,0.9266802443991853,0.9531568228105907,0.9725050916496945,0.9579695507938664
weibo,900,1-2,982,889,ngboost,I1,available,55.54382797255933,1.4379840478357524e-05,61.074338085539715,921.4745417515275,143.32790224032587,0.48879837067209775,0.9124236252545825,0.9531568228105907,0.9765784114052953,0.9437262898801587
weibo,900,1-2,982,889,nb2_glm,I0,available,63.72878639657465,0.0070882869252364995,68.11914460285132,1044.7433808553972,346.69857433808556,0.8757637474541752,0.9816700610997964,0.9877800407331976,0.9928716904276986,1.321913831310396
weibo,900,1-2,982,889,nb2_glm,I1,available,61.35696108814926,0.005855712423136671,66.4633401221996,995.2169042769857,290.3085539714868,0.8513238289205702,0.9765784114052953,0.9867617107942973,0.9908350305498982,1.2105235803223642
weibo,900,1-2,982,889,poisson_glm,I0,available,60.79031259591894,1.1418135979069853e-22,63.67718940936864,1127.0997963340121,17.751527494908352,0.06924643584521385,0.12729124236252545,0.164969450101833,0.20162932790224034,1.0987981147551524
weibo,900,1-2,982,889,poisson_glm,I1,available,66.05609889251235,9.692876191836977e-15,69.20366598778004,1219.5325865580448,20.082484725050918,0.0560081466395112,0.11608961303462322,0.15478615071283094,0.1934826883910387,1.3287105847162755
weibo,900,1-2,982,889,empirical_window,I0,available,58.27795623037094,0.0001646944444444447,60.516293279022406,1088.376782077393,403.0,0.5692464358452138,0.9114052953156823,0.9928716904276986,0.994908350305499,0.91966042075399
weibo,900,1-2,982,889,conditional_empirical,I0,available,54.236720162932784,0.0,58.24541751527495,938.2729124236253,89.78004073319755,0.3564154786150713,0.814663951120163,0.8492871690427699,0.9562118126272913,0.8877116300994795
weibo,900,3-9,1720,1357,hurdle,I0,available,38.05460187780009,0.000647204267280355,42.063372093023254,488.278488372093,416.7436046511628,0.7174418604651163,0.9808139534883721,0.9889534883720931,0.9912790697674418,1.530451572237321
weibo,900,3-9,1720,1357,hurdle,I1,available,34.216915760544794,0.0006339983899360919,39.07732558139535,423.4796511627907,330.09593023255815,0.7034883720930233,0.9732558139534884,0.9837209302325581,0.9883720930232558,1.3621532266101053
weibo,900,3-9,1720,1357,qrf,I0,available,25.636201862048324,0.0006423294903481611,30.900968992248064,336.8800387596899,139.8218992248062,0.48468992248062015,0.8032945736434107,0.925,0.961046511627907,0.9354801422961698
weibo,900,3-9,1720,1357,qrf,I1,available,25.574511438567338,0.0014720282296888903,30.965697674418603,330.47887596899227,142.37422480620154,0.506201550387597,0.7982558139534883,0.897093023255814,0.9534883720930233,0.9506010458528983
weibo,900,3-9,1720,1357,ngboost,I0,available,26.747202745993608,0.0005921236719144233,32.75058139534884,335.9674418604651,153.44418604651162,0.5296511627906977,0.8848837209302326,0.9558139534883721,0.9738372093023255,1.002762997831973
weibo,900,3-9,1720,1357,ngboost,I1,available,27.263163073094145,0.0006452484210115774,33.234883720930235,344.0622093023256,185.57383720930233,0.5354651162790698,0.8813953488372093,0.95,0.9761627906976744,1.0130949578461137
weibo,900,3-9,1720,1357,nb2_glm,I0,available,37.94337753330867,0.006434959937585605,41.51627906976744,490.28837209302327,418.9976744186047,0.7412790697674418,0.9813953488372092,0.9895348837209302,0.9918604651162791,1.501323286617678
weibo,900,3-9,1720,1357,nb2_glm,I1,available,34.0693596178686,0.005481458763182771,38.44651162790698,426.6232558139535,334.36744186046514,0.7511627906976744,0.9761627906976744,0.9843023255813953,0.9901162790697674,1.3281502109822314
weibo,900,3-9,1720,1357,poisson_glm,I0,available,51.29572436531815,0.0005813953488372093,55.591279069767445,888.5046511627907,26.59767441860465,0.03255813953488372,0.062209302325581396,0.07732558139534884,0.08895348837209302,2.109323580109027
weibo,900,3-9,1720,1357,poisson_glm,I1,available,42.33089253154028,0.0005813953488372093,46.13720930232558,723.6843023255814,23.858720930232558,0.03953488372093023,0.07151162790697674,0.0936046511627907,0.12441860465116279,1.6617057932647405
weibo,900,3-9,1720,1357,empirical_window,I0,available,29.64041010594523,0.000731167312661499,32.26686046511628,484.04651162790697,403.0,0.5918604651162791,0.8127906976744186,0.877906976744186,0.9709302325581395,0.977844260546015
weibo,900,3-9,1720,1357,conditional_empirical,I0,available,26.936986046511613,0.0005813953488372093,31.07093023255814,367.36918604651163,67.11337209302326,0.4308139534883721,0.7127906976744186,0.8029069767441861,0.9255813953488372,0.9474988341706864
weibo,900,10-49,1168,816,hurdle,I0,available,98.37954020088267,0.02593163773409335,117.84674657534246,1270.2200342465753,540.6481164383562,0.7559931506849316,0.9118150684931506,0.9357876712328768,0.949486301369863,1.656591880421534
weibo,900,10-49,1168,816,hurdle,I1,available,98.65546030739169,0.021030643486148623,120.15496575342466,1257.6609589041095,464.98972602739724,0.7011986301369864,0.9066780821917808,0.9409246575342466,0.9597602739726028,1.6724604566172285
weibo,900,10-49,1168,816,qrf,I0,available,91.92812500409359,0.026352365104518768,109.68692922374429,1239.3553082191781,389.05279680365294,0.5156963470319634,0.7950913242009132,0.9032534246575342,0.9486301369863014,1.4849647069107528
weibo,900,10-49,1168,816,qrf,I1,available,89.78461243240898,0.01896988742450316,105.38755707762557,1226.1472602739725,492.8995433789954,0.5910388127853882,0.8430365296803654,0.932648401826484,0.9674657534246576,1.1653512959259296
weibo,900,10-49,1168,816,ngboost,I0,available,96.36437558570564,0.02619792383755811,121.53167808219177,1189.7559931506848,414.6875,0.5753424657534246,0.8527397260273972,0.913527397260274,0.9392123287671232,1.7543199534113012
weibo,900,10-49,1168,816,ngboost,I1,available,96.37151156024778,0.025023428606034456,119.98030821917808,1205.285102739726,430.54195205479454,0.5607876712328768,0.836472602739726,0.9203767123287672,0.949486301369863,1.6473599095580724
weibo,900,10-49,1168,816,nb2_glm,I0,available,98.29636132323279,0.027592047165608282,117.54195205479452,1270.958904109589,542.5513698630137,0.7585616438356164,0.9152397260273972,0.9623287671232876,0.9743150684931506,1.6452153176061
weibo,900,10-49,1168,816,nb2_glm,I1,available,99.23770984601255,0.027223797142116757,121.22945205479452,1258.2388698630136,466.78339041095893,0.6952054794520548,0.8955479452054794,0.9434931506849316,0.9674657534246576,1.7835562658071245
weibo,900,10-49,1168,816,poisson_glm,I0,available,156.52639777651282,0.026541095890410957,164.13270547945206,2881.076198630137,46.367294520547944,0.017123287671232876,0.0351027397260274,0.04366438356164384,0.05393835616438356,2.5416401050081388
weibo,900,10-49,1168,816,poisson_glm,I1,available,129.9736400697705,0.026541095890410957,136.46575342465752,2390.121575342466,40.138698630136986,0.031678082191780824,0.07705479452054795,0.0976027397260274,0.11643835616438356,2.2196565068712366
weibo,900,10-49,1168,816,empirical_window,I0,available,107.48219360121973,0.026024568873668188,134.83133561643837,1289.6609589041095,403.0,0.410958904109589,0.7773972602739726,0.8852739726027398,0.934931506849315,2.7224141913843405
weibo,900,10-49,1168,816,conditional_empirical,I0,available,96.35110547945197,0.027263013698630136,110.23458904109589,1272.7354452054794,365.54366438356163,0.4580479452054795,0.7825342465753424,0.851027397260274,0.934931506849315,1.513581603034241
weibo,900,50+,366,260,hurdle,I0,available,941.2124904516389,0.08838122334651423,1070.2131147540983,14691.745901639344,772.620218579235,0.24043715846994534,0.5218579234972678,0.6256830601092896,0.8005464480874317,6.065714368897133
weibo,900,50+,366,260,hurdle,I1,available,924.7602636614106,0.06936354088730673,1071.360655737705,13486.349726775956,1070.6666666666667,0.25136612021857924,0.5409836065573771,0.680327868852459,0.7950819672131147,6.201924889985221
weibo,900,50+,366,260,qrf,I0,available,696.1122836909948,0.07708327615538162,904.9635701275045,7578.506375227686,4262.96903460838,0.5255009107468124,0.7668488160291439,0.8834244080145719,0.9225865209471766,4.657884823113308
weibo,900,50+,366,260,qrf,I1,available,659.9652539316196,0.04831601309107299,838.8752276867032,6587.207650273224,3379.55737704918,0.6320582877959927,0.8533697632058289,0.9353369763205829,0.9735883424408014,2.0618237900099743
weibo,900,50+,366,260,ngboost,I0,available,821.7177591921836,0.09136635144802714,1030.8551912568305,10047.83606557377,2650.0765027322404,0.3879781420765027,0.7404371584699454,0.825136612021858,0.8661202185792349,4.955248528962978
weibo,900,50+,366,260,ngboost,I1,available,818.5312878785851,0.08526065581225574,1026.6338797814208,9686.803278688525,2891.9945355191257,0.34972677595628415,0.7377049180327869,0.8907103825136612,0.9426229508196722,4.450751601555162
weibo,900,50+,366,260,nb2_glm,I0,available,936.6215172629802,0.08524357061149199,1064.7650273224044,14630.098360655738,779.7158469945355,0.24316939890710382,0.5191256830601093,0.7103825136612022,0.8005464480874317,5.806322258366324
weibo,900,50+,366,260,nb2_glm,I1,available,914.2186990303893,0.0881070649064216,1067.4426229508197,13105.628415300547,1115.0273224043715,0.2103825136612022,0.4918032786885246,0.6366120218579235,0.7868852459016393,6.357609361874127
weibo,900,50+,366,260,poisson_glm,I0,available,1041.941756916579,0.09289617486338798,1059.01912568306,20286.06830601093,101.86065573770492,0.01912568306010929,0.030054644808743168,0.03278688524590164,0.04371584699453552,6.096314225245569
weibo,900,50+,366,260,poisson_glm,I1,available,1096.6829893883346,0.09289617486338798,1113.1420765027322,21401.871584699453,98.2103825136612,0.01912568306010929,0.04644808743169399,0.060109289617486336,0.06284153005464481,6.586100603648513
weibo,900,50+,366,260,empirical_window,I0,available,1025.6233337377068,0.09067653415300546,1109.3224043715848,17376.715846994535,403.0,0.03825136612021858,0.19398907103825136,0.4344262295081967,0.6475409836065574,10.006767926885935
weibo,900,50+,366,260,conditional_empirical,I0,available,733.6160131147537,0.07726775956284153,899.7213114754098,9019.808743169398,3326.748633879781,0.5273224043715847,0.7786885245901639,0.860655737704918,0.9262295081967213,4.606470307775064
weibo,3600,0,334,316,hurdle,I0,available,78.52852748163983,3.625835660367449e-05,86.07485029940119,1248.437125748503,247.0,0.844311377245509,0.9221556886227545,0.9520958083832335,0.9670658682634731,1.2049941922245526
weibo,3600,0,334,316,hurdle,I1,available,78.50943136181684,0.0003368276441834149,86.33233532934132,1247.934131736527,235.0,0.844311377245509,0.9161676646706587,0.9520958083832335,0.9580838323353293,1.1985807866032911
weibo,3600,0,334,316,qrf,I0,available,76.76669063774403,0.0,85.7814371257485,1240.6347305389222,208.0,0.5958083832335329,0.811377245508982,0.9461077844311377,0.9790419161676647,1.4035653272615887
weibo,3600,0,334,316,qrf,I1,available,76.7736895711966,2.929309496087366e-09,85.7814371257485,1240.6347305389222,208.0,0.5958083832335329,0.811377245508982,0.9461077844311377,0.9790419161676647,1.4035653272615887
weibo,3600,0,334,316,ngboost,I0,available,79.6255465277499,5.442742613584825e-05,86.28443113772455,1364.3832335329341,86.0,0.6287425149700598,0.7994011976047904,0.844311377245509,0.8832335329341318,1.5772172683293217
weibo,3600,0,334,316,ngboost,I1,available,79.33286087369255,0.000117913171156082,86.28443113772455,1343.6646706586826,96.0,0.6347305389221557,0.811377245508982,0.8532934131736527,0.9041916167664671,1.5772172683293217
weibo,3600,0,334,316,nb2_glm,I0,available,78.59911824004631,0.009641639212780944,85.97305389221557,1249.5209580838323,250.0,0.844311377245509,0.9221556886227545,0.9520958083832335,0.9700598802395209,1.2119404536423648
weibo,3600,0,334,316,nb2_glm,I1,available,78.55966868832681,0.006871632224846409,86.19461077844312,1249.0179640718563,238.0,0.844311377245509,0.9221556886227545,0.9520958083832335,0.9580838323353293,1.2006224085918416
weibo,3600,0,334,316,poisson_glm,I0,available,93.64423836654908,0.00020027705397276027,95.04491017964072,1827.8982035928143,7.0,0.0,0.0,0.0,0.0658682634730539,4.581337797867116
weibo,3600,0,334,316,poisson_glm,I1,available,84.38798804724135,5.126939481748042e-15,86.28443113772455,1631.7425149700598,13.0,0.18562874251497005,0.3562874251497006,0.4491017964071856,0.5419161676646707,1.5772172683293217
weibo,3600,0,334,316,empirical_window,I0,available,77.3333771608465,0.0011334444444444415,86.28443113772455,1254.9760479041915,303.0,0.7245508982035929,0.907185628742515,0.9580838323353293,0.9820359281437125,1.5772172683293217
weibo,3600,0,334,316,conditional_empirical,I0,available,77.57623473053889,0.0,85.68562874251496,1305.5269461077844,109.0,0.47305389221556887,0.8053892215568862,0.8832335329341318,0.9700598802395209,1.2964766538285055
weibo,3600,1-2,386,362,hurdle,I0,available,30.717119646955165,0.00010046190490039454,34.10362694300518,427.4818652849741,299.6062176165803,0.8575129533678757,0.9818652849740933,0.9948186528497409,0.9948186528497409,1.1143165218098643
weibo,3600,1-2,386,362,hurdle,I1,available,28.224036809528652,0.0014924400943351487,31.748704663212436,380.9145077720207,234.64507772020724,0.8601036269430051,0.966321243523316,0.9870466321243523,0.9922279792746114,0.9918839381304627
weibo,3600,1-2,386,362,qrf,I0,available,21.999900633386975,0.0,25.202072538860104,305.19170984455957,101.04663212435233,0.582901554404145,0.8937823834196891,0.9533678756476683,0.9896373056994818,0.8305816615290053
weibo,3600,1-2,386,362,qrf,I1,available,22.32064648468331,7.46361430763233e-05,25.386873920552677,320.16666666666663,111.08203799654576,0.6079447322970639,0.8920552677029362,0.9481865284974094,0.9766839378238342,0.8721064297651184
weibo,3600,1-2,386,362,ngboost,I0,available,22.16544023693494,5.442742613584827e-05,25.518134715025905,314.1865284974093,86.0,0.727979274611399,0.9067357512953368,0.9248704663212435,0.9585492227979274,0.7196746915443288
weibo,3600,1-2,386,362,ngboost,I1,available,22.542011660661235,9.100388258746517e-05,26.121761658031087,313.0518134715026,99.6321243523316,0.7357512953367875,0.9093264248704663,0.9481865284974094,0.9637305699481865,0.7472954170170012
weibo,3600,1-2,386,362,nb2_glm,I0,available,30.678018021457504,0.008069620713884186,33.73575129533679,429.8031088082902,302.08290155440415,0.9430051813471503,0.9818652849740933,0.9948186528497409,0.9948186528497409,1.0920279142485398
weibo,3600,1-2,386,362,nb2_glm,I1,available,28.34679081364446,0.0071259826211718886,31.696891191709845,385.3419689119171,240.05699481865284,0.8911917098445595,0.9715025906735751,0.9870466321243523,0.9922279792746114,0.9843594463697019
weibo,3600,1-2,386,362,poisson_glm,I0,available,25.192257475008557,7.199768975249785e-08,26.305699481865286,462.11917098445593,10.046632124352332,0.27461139896373055,0.5362694300518135,0.582901554404145,0.6010362694300518,1.0888019241839133
weibo,3600,1-2,386,362,poisson_glm,I1,available,25.318064836870107,8.4475984155303e-07,26.89119170984456,456.9222797927461,11.896373056994818,0.24093264248704663,0.4326424870466321,0.5077720207253886,0.5569948186528497,0.9821504644868779
weibo,3600,1-2,386,362,empirical_window,I0,available,24.332073803829942,0.0011334444444444417,25.518134715025905,430.35751295336786,303.0,0.7797927461139896,0.966321243523316,0.9948186528497409,0.9974093264248705,0.7196746915443288
weibo,3600,1-2,386,362,conditional_empirical,I0,available,23.179083937823826,0.0,25.761658031088082,374.2953367875648,27.093264248704664,0.43523316062176165,0.7849740932642487,0.8134715025906736,0.8730569948186528,0.982341127347968
weibo,3600,3-9,1547,1312,hurdle,I0,available,41.21548768950273,0.0027767936401893426,46.13703943115708,592.5565610859728,368.80736910148676,0.4796380090497738,0.9728506787330317,0.9922430510665805,0.9941822882999354,2.6346595655677056
weibo,3600,3-9,1547,1312,hurdle,I1,available,37.054365787719846,0.002850102475423613,42.44667097608274,522.6761473820297,287.14932126696834,0.464770523594053,0.9722042663219134,0.989010989010989,0.9922430510665805,2.3302042372965364
weibo,3600,3-9,1547,1312,qrf,I0,available,23.795726779171734,0.002662399836917081,26.144580909286795,393.6115061409179,59.28700711053652,0.5429864253393665,0.8530489118724411,0.9388062917474683,0.967032967032967,0.9470311560013934
weibo,3600,3-9,1547,1312,qrf,I1,available,23.791475895253015,0.003056621915802505,26.264813617754793,390.6046110751993,71.27687998276234,0.5210084033613446,0.8420599008834302,0.9321266968325792,0.969403145873734,0.9050308198635411
weibo,3600,3-9,1547,1312,ngboost,I0,available,25.49220138559209,0.0026543054880195063,28.593406593406595,399.3529411764706,100.95604395604396,0.48093083387201035,0.903038138332256,0.9612152553329024,0.9767291531997414,1.0879563941024775
weibo,3600,3-9,1547,1312,ngboost,I1,available,26.334813631867608,0.0027052951400279904,29.64835164835165,408.4421460892049,124.29217840982547,0.4608920491273432,0.881060116354234,0.9573367808661927,0.9747899159663865,1.180241436104634
weibo,3600,3-9,1547,1312,nb2_glm,I0,available,41.28795713081588,0.008832748874504769,46.02650290885585,594.8946347769877,371.3781512605042,0.5158371040723982,0.9870717517776342,0.9948287007110537,0.9967679379444085,2.6263159765725264
weibo,3600,3-9,1547,1312,nb2_glm,I1,available,36.89327125144276,0.007900191995186122,41.985132514544276,525.4583063994829,290.5132514544279,0.5313510019392372,0.9851325145442793,0.9909502262443439,0.9941822882999354,2.300863064623457
weibo,3600,3-9,1547,1312,poisson_glm,I0,available,30.753759786341597,0.0025856496445104474,33.166127989657404,539.7440206851971,15.425985778926956,0.06399482870071105,0.12281835811247575,0.16548157724628312,0.20749838396897222,1.5721509913548655
weibo,3600,3-9,1547,1312,poisson_glm,I1,available,29.706700471246542,0.0025856500205153486,31.97672915319974,521.065934065934,15.093083387201034,0.08338720103425985,0.16418875242404654,0.21396250808015513,0.2559793148028442,1.4393534104729626
weibo,3600,3-9,1547,1312,empirical_window,I0,available,28.344317895408388,0.003544993679523088,28.593406593406595,535.4628312863607,303.0,0.4680025856496445,0.8778280542986425,0.9741435035552682,0.9974143503555268,1.0879563941024775
weibo,3600,3-9,1547,1312,conditional_empirical,I0,available,24.18617401422107,0.002833872010342598,26.24628312863607,415.3632837750485,29.817065287653524,0.5074337427278603,0.762120232708468,0.8733031674208145,0.918552036199095,0.9525094618463386
weibo,3600,10-49,1814,1341,hurdle,I0,available,39.687431736034384,0.048655366007047895,42.06890848952591,517.7739801543551,470.276736493936,0.7221609702315325,0.918412348401323,0.9426681367144433,0.9790518191841234,2.316390638313522
weibo,3600,10-49,1814,1341,hurdle,I1,available,35.35445841826976,0.03545973615434224,39.19018743109151,439.470782800441,376.2403528114664,0.7149944873208379,0.9399117971334069,0.9680264608599779,0.9773980154355016,1.954964598504294
weibo,3600,10-49,1814,1341,qrf,I0,available,25.450276921061434,0.04838612808353231,30.786475560455717,321.2045203969129,146.6657478868063,0.5060639470782801,0.7899669239250275,0.9081220139654539,0.958103638368247,1.3531645406689785
weibo,3600,10-49,1814,1341,qrf,I1,available,24.44514719270934,0.03701134019542841,29.923373759647188,308.63671444321943,159.71719955898567,0.5514516721793459,0.8219404630650496,0.9160235207644248,0.9590224182285925,1.1313745395067005
weibo,3600,10-49,1814,1341,ngboost,I0,available,27.29273776154544,0.04931237500711183,31.82194046306505,361.77839029768467,270.27894156560086,0.6576626240352812,0.8654906284454245,0.9195148842337376,0.9448732083792724,1.4870886364936353
weibo,3600,10-49,1814,1341,ngboost,I1,available,26.628077448869558,0.047898757934219154,31.374862183020948,342.7205071664829,236.25964718853362,0.6339581036383682,0.8522601984564498,0.9178610804851157,0.9454244762954797,1.4079126982840426
weibo,3600,10-49,1814,1341,nb2_glm,I0,available,40.203564580747084,0.04858869528459514,43.06504961411246,520.3015435501654,474.2265711135612,0.7105843439911798,0.9349503858875413,0.9928335170893055,0.9955898566703418,2.368577390439825
weibo,3600,10-49,1814,1341,nb2_glm,I1,available,36.25877571999054,0.04858624325620263,40.4928335170893,444.0154355016538,382.38368246968025,0.7017640573318633,0.9239250275633958,0.9823594266813671,0.9933847850055126,2.2321162400466905
weibo,3600,10-49,1814,1341,poisson_glm,I0,available,47.89755117071825,0.050716648291069456,52.14608599779493,820.7960308710033,26.47409040793826,0.03307607497243661,0.05733186328555678,0.07552370452039692,0.09592061742006615,2.593972814036582
weibo,3600,10-49,1814,1341,poisson_glm,I1,available,41.724646353535306,0.050716648291065605,45.54851157662624,710.4288864388093,24.46416758544653,0.05237045203969129,0.09151047409040794,0.1207276736493936,0.14498346196251377,2.3697122142614786
weibo,3600,10-49,1814,1341,empirical_window,I0,available,28.115303978655188,0.04843517175058189,33.89470782800441,395.5137816979052,303.0,0.5920617420066152,0.8412348401323043,0.9145534729878722,0.996141124586549,1.616049263466457
weibo,3600,10-49,1814,1341,conditional_empirical,I0,available,25.949420066152136,0.04997045203969129,31.19018743109151,328.12293274531424,133.47023153252482,0.46306504961411243,0.75909592061742,0.8555678059536935,0.9228224917309813,1.386235885970606
weibo,3600,50+,919,617,hurdle,I0,available,390.9919054928836,0.07616510253279804,449.85527747551686,5955.462459194777,685.734494015234,0.5908596300326442,0.7899891186071817,0.9140369967355821,0.9379760609357998,3.78843374681068
weibo,3600,50+,919,617,hurdle,I1,available,392.52735703223533,0.04317404380372469,452.7997823721436,5939.310119695321,730.9096844396082,0.5821545157780196,0.809575625680087,0.8781284004352558,0.9194776931447225,3.4511046950976896
weibo,3600,50+,919,617,qrf,I0,available,316.77748930491197,0.059424595008117816,391.0068915487849,3515.9974610083423,1720.0961189698946,0.5306492564381574,0.8073993471164309,0.9067827348567283,0.9651795429815017,2.6459943823990355
weibo,3600,50+,919,617,qrf,I1,available,296.10276042345436,0.028571026257994254,362.2161770039898,3492.07363075807,1902.4036996735583,0.6093579978237215,0.8868335146898803,0.9521218715995647,0.9753355096118969,1.3623582118975117
weibo,3600,50+,919,617,ngboost,I0,available,351.22032615421386,0.07368765181070708,423.96300326441786,5007.971708378673,1997.2644178454843,0.6811751904243744,0.8650707290533188,0.8944504896626768,0.9379760609357998,2.762948194087192
weibo,3600,50+,919,617,ngboost,I1,available,349.49098246895477,0.06955697276196997,423.01414581066376,4829.634385201306,1497.0554951033732,0.6006528835690969,0.8454842219804135,0.9227421109902068,0.9521218715995647,2.511326650697422
weibo,3600,50+,919,617,nb2_glm,I0,available,383.04286456515274,0.07023772172658511,438.8400435255713,5858.722524483134,708.0587595212187,0.602829162132753,0.7834602829162133,0.9151251360174102,0.940152339499456,3.1810204701156564
weibo,3600,50+,919,617,nb2_glm,I1,available,383.9570454032382,0.07210228816620584,449.6844396082699,5593.756256800871,790.6441784548422,0.5321001088139282,0.7551686615886833,0.8520130576713819,0.9183895538628944,3.7180551747516914
weibo,3600,50+,919,617,poisson_glm,I0,available,449.6148627954645,0.07616974972796518,460.35582154515777,8644.710554951034,64.21001088139282,0.009793253536452665,0.03264417845484222,0.042437431991294884,0.056583242655059846,3.737159686830097
weibo,3600,50+,919,617,poisson_glm,I1,available,427.70821582720316,0.07616974972796518,437.71490750816105,8229.057671381937,60.896626768226334,0.028291621327529923,0.058759521218716,0.07834602829162132,0.08705114254624592,3.936514733445567
weibo,3600,50+,919,617,empirical_window,I0,available,436.394174138165,0.07217443102405996,480.132752992383,7143.5658324265505,303.0,0.11316648531011969,0.4657236126224157,0.675734494015234,0.8824809575625681,6.732875226296028
weibo,3600,50+,919,617,conditional_empirical,I0,available,314.3308953210009,0.06016626768226333,386.25027203482045,3614.429815016322,1224.7453754080523,0.499455930359086,0.7965179542981502,0.8650707290533188,0.9521218715995647,2.6340526770409043
seismic,300,0,103,103,hurdle,I0,available,53.19253209058382,7.24601554232565e-07,72.49514563106796,535.1067961165048,132.0,0.36893203883495146,0.7087378640776699,0.8252427184466019,0.912621359223301,1.1995207836583845
seismic,300,0,103,103,hurdle,I1,available,39.61530096565367,1.8712501558921023e-05,47.00970873786408,431.2330097087379,299.0,0.8737864077669902,0.941747572815534,0.9514563106796117,0.970873786407767,0.2829276373465331
seismic,300,0,103,103,qrf,I0,available,36.14483535161869,0.0,45.95145631067961,392.6990291262136,276.0,0.44660194174757284,0.8058252427184466,0.9029126213592233,1.0,0.2929852375074079
seismic,300,0,103,103,qrf,I1,available,36.085784003439514,5.912497608512969e-10,45.95145631067961,392.5533980582524,271.0,0.5048543689320388,0.8058252427184466,0.9029126213592233,1.0,0.2929852375074079
seismic,300,0,103,103,ngboost,I0,available,37.28495022953813,2.587762466023842e-25,48.12621359223301,413.45631067961165,202.0,0.5048543689320388,0.9223300970873787,0.9320388349514563,0.9514563106796117,0.2840373917382512
seismic,300,0,103,103,ngboost,I1,available,36.76436788710478,5.392752185410745e-21,46.29126213592233,421.252427184466,203.0,0.6893203883495146,0.912621359223301,0.9320388349514563,0.9514563106796117,0.2868384077837065
seismic,300,0,103,103,nb2_glm,I0,available,53.40523236109833,0.0003526021047699247,73.49514563106796,533.6116504854369,134.0,0.36893203883495146,0.7087378640776699,0.8252427184466019,0.912621359223301,1.2575838767233094
seismic,300,0,103,103,nb2_glm,I1,available,39.45738633111824,9.69486562233933e-06,46.45631067961165,432.05825242718447,294.0,0.8737864077669902,0.941747572815534,0.9514563106796117,0.970873786407767,0.2854230632865249
seismic,300,0,103,103,poisson_glm,I0,available,93.36503762143087,1.0695101994335904e-09,95.49514563106796,1800.9029126213593,11.0,0.0,0.0,0.0,0.0,4.634096704835859
seismic,300,0,103,103,poisson_glm,I1,available,42.90238802680592,1.426087401592418e-77,47.45631067961165,710.4174757281553,31.0,0.0970873786407767,0.21359223300970873,0.2621359223300971,0.2815533980582524,0.28262551590438995
seismic,300,0,103,103,empirical_window,I0,available,38.651808112460415,1.3611111111111101e-06,46.44660194174757,448.1747572815534,394.0,0.8252427184466019,0.941747572815534,0.970873786407767,1.0,0.33154984456142483
seismic,300,0,103,103,conditional_empirical,I0,available,36.23577669902906,0.0,45.87378640776699,392.0,252.0,0.5048543689320388,0.8640776699029126,0.9514563106796117,1.0,0.298785592844563
seismic,300,1-2,106,106,hurdle,I0,available,58.0562511444061,1.0174460594154704e-06,70.67924528301887,790.4622641509434,169.5188679245283,0.660377358490566,0.8679245283018868,0.9056603773584906,0.9245283018867925,0.7911660058549046
seismic,300,1-2,106,106,hurdle,I1,available,82.22565539856797,0.00011905134625309168,104.28301886792453,975.9150943396227,413.27358490566036,0.5943396226415094,0.8773584905660378,0.9339622641509434,0.9528301886792453,0.9245334405906479
seismic,300,1-2,106,106,qrf,I0,available,50.43313830366935,0.0,58.33018867924528,709.1603773584906,188.4056603773585,0.5880503144654088,0.7987421383647798,0.8899371069182389,0.9622641509433962,0.3844448497486129
seismic,300,1-2,106,106,qrf,I1,available,50.361808615527444,2.157273615521176e-08,58.886792452830186,724.4371069182391,225.75786163522014,0.4811320754716981,0.8490566037735849,0.9402515723270439,0.9716981132075472,0.38517991684552305
seismic,300,1-2,106,106,ngboost,I0,available,52.904044637524365,2.2331352064688537e-25,64.09433962264151,721.933962264151,198.3490566037736,0.44339622641509435,0.9150943396226415,0.9339622641509434,0.9433962264150944,0.38103550042043993
seismic,300,1-2,106,106,ngboost,I1,available,51.387130750791904,2.3131833774509427e-18,60.301886792452834,732.4811320754717,192.29245283018867,0.6037735849056604,0.9056603773584906,0.9339622641509434,0.9339622641509434,0.36882017821084356
seismic,300,1-2,106,106,nb2_glm,I0,available,58.23595613290944,0.00021042434979414023,71.27358490566037,789.688679245283,172.5188679245283,0.660377358490566,0.8773584905660378,0.9056603773584906,0.9245283018867925,0.8130992524069685
seismic,300,1-2,106,106,nb2_glm,I1,available,82.54657644407158,2.097878216628299e-05,104.69811320754717,975.433962264151,418.2641509433962,0.5754716981132075,0.8679245283018868,0.9433962264150944,0.9528301886792453,0.9353336105099811
seismic,300,1-2,106,106,poisson_glm,I0,available,91.4365424968146,2.0236796100021495e-15,94.27358490566037,1739.877358490566,14.40566037735849,0.0,0.0,0.0,0.0,2.4982981963115583
seismic,300,1-2,106,106,poisson_glm,I1,available,92.91053764116343,3.1976482675051935e-38,98.01886792452831,1696.9056603773586,32.0,0.0660377358490566,0.18867924528301888,0.24528301886792453,0.29245283018867924,0.9150025822971296
seismic,300,1-2,106,106,empirical_window,I0,available,52.53959021540967,1.3611111111111103e-06,58.424528301886795,777.7735849056604,394.0,0.8867924528301887,0.9433962264150944,0.9716981132075472,0.9811320754716981,0.3901837362462388
seismic,300,1-2,106,106,conditional_empirical,I0,available,50.350478301886724,0.0,58.264150943396224,709.8962264150944,182.3490566037736,0.5471698113207547,0.8018867924528302,0.8867924528301887,0.9622641509433962,0.3866420762612554
seismic,300,3-9,497,497,hurdle,I0,available,25.328290319162996,1.5584594816967162e-06,28.116700201207244,250.83299798792757,234.77665995975855,0.8752515090543259,0.9496981891348089,0.9798792756539235,0.993963782696177,0.23418981374322675
seismic,300,3-9,497,497,hurdle,I1,available,30.181308039848023,4.395036418066097e-06,37.690140845070424,285.89738430583503,244.08651911468812,0.7585513078470825,0.9255533199195171,0.9617706237424547,0.9758551307847082,0.3562996585993033
seismic,300,3-9,497,497,qrf,I0,available,20.611579759466487,0.0,26.86317907444668,209.66733735747817,180.29107981220656,0.5412474849094567,0.8383635144198524,0.9436619718309859,0.9758551307847082,0.19322273079566987
seismic,300,3-9,497,497,qrf,I1,available,20.887508095843405,1.6553294840497093e-07,26.692823608316562,206.8470824949698,181.48155600268277,0.664654594232059,0.8926894701542588,0.9691482226693494,0.9912810194500334,0.19755058150543395
seismic,300,3-9,497,497,ngboost,I0,available,23.477819139545456,1.5173919439272487e-25,32.32193158953722,204.30784708249496,168.8953722334004,0.46680080482897385,0.9436619718309859,0.971830985915493,0.9778672032193159,0.2132373662832185
seismic,300,3-9,497,497,ngboost,I1,available,22.194011870433425,6.524211938208928e-21,29.746478873239436,201.7887323943662,154.70623742454728,0.5533199195171026,0.9275653923541247,0.9537223340040242,0.9758551307847082,0.19477522591521937
seismic,300,3-9,497,497,nb2_glm,I0,available,25.47402558651887,0.00010959318459066303,28.134808853118713,252.75653923541248,237.46478873239437,0.8752515090543259,0.9496981891348089,0.9798792756539235,0.993963782696177,0.23500387645786514
seismic,300,3-9,497,497,nb2_glm,I1,available,30.587698239513365,3.1882831973888075e-05,38.185110663983906,289.8672032193159,248.17706237424548,0.7605633802816901,0.9235412474849095,0.9577464788732394,0.9798792756539235,0.3667432015581138
seismic,300,3-9,497,497,poisson_glm,I0,available,34.265767768832006,5.695998440790624e-25,37.34406438631791,588.2635814889336,20.77867203219316,0.16901408450704225,0.26156941649899396,0.31388329979879276,0.352112676056338,0.5471765508360401
seismic,300,3-9,497,497,poisson_glm,I1,available,32.7154619221098,1.4803930464873804e-23,36.416498993963785,535.9315895372233,26.27364185110664,0.16297786720321933,0.2937625754527163,0.36016096579476864,0.42052313883299797,0.34964813529483424
seismic,300,3-9,497,497,empirical_window,I0,available,26.36497695724432,1.3611111111111105e-06,28.59758551307847,394.0,394.0,0.8309859154929577,0.993963782696177,1.0,1.0,0.19078957926214682
seismic,300,3-9,497,497,conditional_empirical,I0,available,20.555794366197137,0.0,26.851106639839035,199.62575452716297,157.93561368209257,0.5171026156941649,0.8028169014084507,0.9356136820925554,0.9537223340040242,0.19436258142195917
seismic,300,10-49,2866,2866,hurdle,I0,available,35.251173892224465,0.0003502487634133631,44.1430565247732,358.1039776692254,347.00139567341245,0.7376133984647593,0.9734822051639916,0.9923237962316818,0.9972086531751571,0.5263017110175434
seismic,300,10-49,2866,2866,hurdle,I1,available,30.273906915186338,0.00028632477460323086,39.28855547801815,279.47697138869506,244.07571528262386,0.7138869504535938,0.9368457780879275,0.9699930216329379,0.9867411025819958,0.45001038196275445
seismic,300,10-49,2866,2866,qrf,I0,available,27.535350711871004,0.00034505179823412764,36.76145615259363,252.07304024191674,196.2228425215166,0.5605954873226331,0.8439171900441963,0.9425447778553151,0.9812747150500117,0.4144359356357743
seismic,300,10-49,2866,2866,qrf,I1,available,26.818060218411063,0.0003336381416578746,35.820888578739236,245.85926959758086,194.11002558734592,0.5535008141428239,0.8649685973482205,0.9452198185624564,0.9809257966969062,0.38551844769357263
seismic,300,10-49,2866,2866,ngboost,I0,available,28.12107558134834,0.0003484217728986388,38.12072575017446,246.5390788555478,165.7156315422191,0.5136078157711096,0.8579902302861131,0.9357990230286113,0.9668527564549896,0.41711681740923445
seismic,300,10-49,2866,2866,ngboost,I1,available,27.35920199758444,0.0003391357627209243,36.916957431960924,242.62491277041173,158.18667131891138,0.5397766922540126,0.8621772505233776,0.9277739009071877,0.9644103279832519,0.3876952635210234
seismic,300,10-49,2866,2866,nb2_glm,I0,available,35.331965938180154,0.00039497221055523964,44.0645498953245,360.986741102582,350.1353803210049,0.7435450104675506,0.9748778785764132,0.9923237962316818,0.9972086531751571,0.5251730606462047
seismic,300,10-49,2866,2866,nb2_glm,I1,available,30.452009043512867,0.00036600777327045804,39.366713189113746,282.41939986043263,248.28820655966504,0.7215631542219121,0.9382414515003489,0.971039776692254,0.9860432658757851,0.45171940881695233
seismic,300,10-49,2866,2866,poisson_glm,I0,available,47.30930899833231,0.0003489183531053733,52.37124912770412,782.3258897418004,32.66085136078158,0.07362177250523377,0.13154221912072575,0.1688764829030007,0.20341939986043267,0.684535140616706
seismic,300,10-49,2866,2866,poisson_glm,I1,available,39.548174735622446,0.0003489183531053733,44.031053733426376,646.9410327983252,29.72540125610607,0.0942079553384508,0.18771807397069085,0.2278436845778088,0.2648290300069784,0.5322297798145225
seismic,300,10-49,2866,2866,empirical_window,I0,available,32.36181971371335,0.0003494653213925721,39.198185624563855,407.02163293789255,394.0,0.5586182833217027,0.8879972086531751,0.9515003489183531,0.9811584089323099,0.4274763571082022
seismic,300,10-49,2866,2866,conditional_empirical,I0,available,27.72814473133281,0.0003412421493370551,36.95080251221214,249.6563154221912,187.81402651779484,0.5519888346127007,0.840195394277739,0.928122819260293,0.9731332868108863,0.42402998047174645
seismic,300,50+,1428,1428,hurdle,I0,available,130.26606688197214,0.007677544909622922,171.375350140056,1303.4488795518207,521.1239495798319,0.5518207282913166,0.8263305322128851,0.9033613445378151,0.9404761904761905,1.1303844418768774
seismic,300,50+,1428,1428,hurdle,I1,available,112.83350137155062,0.006143457816216942,152.2268907563025,966.8403361344538,587.484593837535,0.5567226890756303,0.8284313725490197,0.90406162464986,0.9404761904761905,0.9510229712386451
seismic,300,50+,1428,1428,qrf,I0,available,115.43011875531347,0.00762378758996563,157.86998132586368,933.7528011204482,650.8769841269841,0.49953314659197007,0.7563025210084033,0.865079365079365,0.9161998132586368,1.00725530202425
seismic,300,50+,1428,1428,qrf,I1,available,102.29831482123305,0.007199544992899044,137.9185340802988,871.9320728291317,651.8106909430439,0.5336134453781513,0.8011204481792717,0.9049953314659196,0.9507469654528479,0.8178679062900447
seismic,300,50+,1428,1428,ngboost,I0,available,112.63250021295254,0.007696441575848387,154.4656862745098,997.1596638655462,803.6862745098039,0.5441176470588235,0.8382352941176471,0.9264705882352942,0.9544817927170869,1.0407332891835241
seismic,300,50+,1428,1428,ngboost,I1,available,103.78355368086929,0.0074523517940569325,140.9922969187675,900.7212885154062,601.8837535014005,0.5049019607843137,0.7997198879551821,0.8879551820728291,0.9327731092436975,0.848520992991438
seismic,300,50+,1428,1428,nb2_glm,I0,available,130.24537885455914,0.007645564260907871,171.3515406162465,1302.7780112044818,524.2205882352941,0.553921568627451,0.8291316526610645,0.9047619047619048,0.9411764705882353,1.1299654942831385
seismic,300,50+,1428,1428,nb2_glm,I1,available,113.52536561476117,0.007658775941874297,152.875350140056,979.2261904761905,585.5847338935574,0.5581232492997199,0.8207282913165266,0.8949579831932774,0.9341736694677871,0.9642874287974794
seismic,300,50+,1428,1428,poisson_glm,I0,available,156.8960001151413,0.007703081232492998,165.34733893557424,2866.340336134454,52.0406162464986,0.03851540616246499,0.0819327731092437,0.1057422969187675,0.12044817927170869,1.2219747392257863
seismic,300,50+,1428,1428,poisson_glm,I1,available,150.8665052238521,0.007703081232492998,158.5735294117647,2768.4586834733896,48.234593837535016,0.05742296918767507,0.10434173669467788,0.12955182072829133,0.15266106442577032,1.048497782070014
seismic,300,50+,1428,1428,empirical_window,I0,available,156.9174757966862,0.0076864684873949604,201.15266106442576,1648.8179271708684,394.0,0.31862745098039214,0.6407563025210085,0.7983193277310925,0.8907563025210085,1.8056461131446586
seismic,300,50+,1428,1428,conditional_empirical,I0,available,114.54565546218467,0.007602170868347339,154.44467787114846,1023.4012605042017,557.9250700280112,0.5119047619047619,0.7633053221288515,0.8711484593837535,0.938375350140056,0.9922904203190203
seismic,900,0,53,53,hurdle,I0,available,64.92926621415783,4.470695140823091e-06,84.77358490566037,686.9622641509434,93.0,0.0,0.3584905660377358,0.6037735849056604,0.7169811320754716,2.101350582154123
seismic,900,0,53,53,hurdle,I1,available,36.8979774295261,5.284588570773084e-06,45.113207547169814,355.75471698113205,275.0,0.8301886792452831,0.9245283018867925,0.9622641509433962,0.9811320754716981,0.28475408640907635
seismic,900,0,53,53,qrf,I0,available,34.90111143867932,0.0,45.113207547169814,326.188679245283,276.0,0.49056603773584906,0.7735849056603774,0.9056603773584906,1.0,0.28475408640907635
seismic,900,0,53,53,qrf,I1,available,34.673071763250356,5.912497608512967e-10,45.113207547169814,321.6918238993712,257.66666666666663,0.49056603773584906,0.7735849056603774,0.9056603773584906,1.0,0.28475408640907635
seismic,900,0,53,53,ngboost,I0,available,34.505847429087865,9.58563828679183e-25,45.41509433962264,343.4339622641509,194.0,0.5660377358490566,0.8867924528301887,0.9245283018867925,0.9433962264150944,0.26478163109440256
seismic,900,0,53,53,ngboost,I1,available,34.77083858740047,4.817480331852768e-21,45.0377358490566,348.4339622641509,199.0,0.660377358490566,0.8867924528301887,0.9245283018867925,0.9433962264150944,0.27783596354726287
seismic,900,0,53,53,nb2_glm,I0,available,65.3317712734047,0.0007287733240081079,85.77358490566037,687.9622641509434,94.0,0.0,0.3584905660377358,0.6037735849056604,0.7169811320754716,2.218617963777765
seismic,900,0,53,53,nb2_glm,I1,available,37.030302762961185,1.1772809778026054e-05,45.339622641509436,355.77358490566036,272.0,0.8113207547169812,0.9245283018867925,0.9433962264150944,0.9811320754716981,0.293113524327491
seismic,900,0,53,53,poisson_glm,I0,available,99.9120814803181,2.5308918495227737e-06,101.77358490566037,1943.4716981132076,8.0,0.0,0.0,0.0,0.0,6.962097822129621
seismic,900,0,53,53,poisson_glm,I1,available,41.177836023885945,1.913156413327762e-69,45.113207547169814,693.1509433962265,29.0,0.20754716981132076,0.2641509433962264,0.2830188679245283,0.33962264150943394,0.28475408640907635
seismic,900,0,53,53,empirical_window,I0,available,40.05637825891024,2.8444444444444417e-05,53.943396226415096,384.20754716981133,351.0,0.6792452830188679,0.9245283018867925,0.9811320754716981,1.0,0.5207078647417845
seismic,900,0,53,53,conditional_empirical,I0,available,34.659984905660295,0.0,45.0377358490566,326.188679245283,276.0,0.4716981132075472,0.7924528301886793,0.9056603773584906,1.0,0.27783596354726287
seismic,900,1-2,49,49,hurdle,I0,available,53.25963773527119,6.297649491170597e-06,70.6938775510204,624.4897959183673,120.0,0.3469387755102041,0.7755102040816326,0.8367346938775511,0.8979591836734694,1.2675042215692278
seismic,900,1-2,49,49,hurdle,I1,available,58.348660157032825,0.00014450342692421192,80.0,534.4489795918367,367.1020408163265,0.6530612244897959,0.8367346938775511,0.9591836734693877,0.9795918367346939,0.7816492359827631
seismic,900,1-2,49,49,qrf,I0,available,40.560428945869745,0.0,50.95918367346939,454.16326530612247,268.85714285714283,0.46938775510204084,0.7959183673469388,0.9387755102040817,1.0,0.3247410615141093
seismic,900,1-2,49,49,qrf,I1,available,37.56452781304129,4.487629848304861e-07,47.77551020408163,355.79591836734687,237.97278911564624,0.5374149659863945,0.891156462585034,0.9659863945578232,0.9795918367346939,0.29905422421269895
seismic,900,1-2,49,49,ngboost,I0,available,40.04816884166428,8.856251632210069e-25,50.42857142857143,499.48979591836735,189.28571428571428,0.5306122448979592,0.9183673469387755,0.9387755102040817,0.9387755102040817,0.3169321919727059
seismic,900,1-2,49,49,ngboost,I1,available,38.60199314993438,5.712153988928162e-19,48.38775510204081,460.55102040816325,188.71428571428572,0.6122448979591837,0.9183673469387755,0.9387755102040817,0.9387755102040817,0.3045238296817066
seismic,900,1-2,49,49,nb2_glm,I0,available,53.585056609854234,0.00043437878404311106,71.12244897959184,625.1020408163265,121.42857142857143,0.3469387755102041,0.7755102040816326,0.8367346938775511,0.8979591836734694,1.288101730415571
seismic,900,1-2,49,49,nb2_glm,I1,available,58.35141365609546,2.9844471692139352e-05,80.28571428571429,527.9591836734694,366.3265306122449,0.6122448979591837,0.8367346938775511,0.9591836734693877,0.9795918367346939,0.79032543681404
seismic,900,1-2,49,49,poisson_glm,I0,available,86.65435262727442,5.383997145120428e-10,88.6938775510204,1665.3061224489795,11.428571428571429,0.0,0.0,0.0,0.0,3.8246459480298904
seismic,900,1-2,49,49,poisson_glm,I1,available,71.59119376064002,5.176954062531055e-34,76.26530612244898,1278.8979591836735,28.693877551020407,0.04081632653061224,0.08163265306122448,0.14285714285714285,0.1836734693877551,0.7729211984754368
seismic,900,1-2,49,49,empirical_window,I0,available,41.34589257029519,2.8444444444444413e-05,47.244897959183675,495.48979591836735,351.0,0.8367346938775511,0.9387755102040817,0.9591836734693877,0.9591836734693877,0.4485292174371504
seismic,900,1-2,49,49,conditional_empirical,I0,available,39.66891836734687,0.0,48.857142857142854,472.16326530612247,252.57142857142858,0.5102040816326531,0.8367346938775511,0.9387755102040817,0.9591836734693877,0.3185882046232917
seismic,900,3-9,171,171,hurdle,I0,available,31.899589062897295,9.739272492642243e-06,41.654970760233915,317.55555555555554,167.26315789473685,0.7368421052631579,0.8830409356725146,0.935672514619883,0.9415204678362573,0.5319845574006848
seismic,900,3-9,171,171,hurdle,I1,available,35.17221521658826,0.00027979609903787227,45.514619883040936,350.7894736842105,195.58479532163742,0.6608187134502924,0.8654970760233918,0.9181286549707602,0.9473684210526315,0.5420051885220042
seismic,900,3-9,171,171,qrf,I0,available,25.94423223983539,0.0,32.354775828460035,246.3840155945419,159.7953216374269,0.5224171539961013,0.7641325536062378,0.8966861598440544,0.9649122807017544,0.2400750868256774
seismic,900,3-9,171,171,qrf,I1,available,26.079685648525906,2.3713533741918942e-07,32.88304093567251,276.280701754386,187.3918128654971,0.621832358674464,0.8538011695906432,0.9512670565302145,0.9766081871345029,0.25768321050526993
seismic,900,3-9,171,171,ngboost,I0,available,26.487962800153745,1.6275102700965597e-24,33.80701754385965,270.5263157894737,152.046783625731,0.5847953216374269,0.8947368421052632,0.9298245614035088,0.9532163742690059,0.23172115199839327
seismic,900,3-9,171,171,ngboost,I1,available,26.723380426856878,5.4836822006090095e-17,33.98245614035088,282.57894736842104,149.36257309941521,0.5906432748538012,0.8888888888888888,0.9181286549707602,0.9473684210526315,0.23961747952081833
seismic,900,3-9,171,171,nb2_glm,I0,available,32.108861235843875,0.00022367068753341142,42.280701754385966,318.187134502924,168.36257309941521,0.7368421052631579,0.8830409356725146,0.935672514619883,0.9415204678362573,0.5519483668174464
seismic,900,3-9,171,171,nb2_glm,I1,available,35.56315571153993,5.809484739248418e-05,46.15204678362573,357.42105263157896,197.53801169590642,0.6432748538011696,0.8654970760233918,0.9239766081871345,0.935672514619883,0.5594437169707185
seismic,900,3-9,171,171,poisson_glm,I0,available,54.12957000536071,2.7692864495237385e-16,57.28654970760234,986.2514619883041,16.19298245614035,0.0,0.0,0.023391812865497075,0.03508771929824561,1.3356917160484756
seismic,900,3-9,171,171,poisson_glm,I1,available,42.822950150501285,8.499069693232111e-20,46.292397660818715,744.7251461988304,23.204678362573098,0.1111111111111111,0.2222222222222222,0.26900584795321636,0.32748538011695905,0.591857319730322
seismic,900,3-9,171,171,empirical_window,I0,available,29.259864006823005,2.8444444444444417e-05,33.01754385964912,376.6140350877193,351.0,0.847953216374269,0.9532163742690059,0.9941520467836257,0.9941520467836257,0.29465613242403804
seismic,900,3-9,171,171,conditional_empirical,I0,available,25.680715204678297,0.0,32.43859649122807,253.88888888888889,165.0,0.5321637426900585,0.8245614035087719,0.935672514619883,0.9824561403508771,0.23902444623186983
seismic,900,10-49,2433,2433,hurdle,I0,available,26.725208108492158,0.001238917592346546,33.534319769831484,264.3136046033703,255.96177558569667,0.6921496095355528,0.9547883271681052,0.988491574188245,0.9958898479243732,0.6419588825464391
seismic,900,10-49,2433,2433,hurdle,I1,available,22.699398438038667,0.0009754639821014593,29.17221537196876,215.41060419235512,181.32100287710645,0.6863953966296753,0.9284833538840938,0.9646526921496096,0.9810933004521167,0.5116329447312068
seismic,900,10-49,2433,2433,qrf,I0,available,19.192050021014353,0.0012066134825615806,25.203315522674338,188.09932867516096,149.33785450061652,0.5571996163858062,0.8616248801205644,0.9561583778599807,0.9820523359364297,0.42083005157620884
seismic,900,10-49,2433,2433,qrf,I1,available,18.924319480304852,0.0009395839048508141,24.577476366625564,194.46513220989178,156.64625291135772,0.5695300726126866,0.8872448280586381,0.957665433621044,0.9836963967666802,0.37503282169378976
seismic,900,10-49,2433,2433,ngboost,I0,available,19.786114633571692,0.001226462589203754,26.36210439786272,186.78010686395396,134.24414303329223,0.5561035758323057,0.8997122893547062,0.9519112207151664,0.9749280723386765,0.4160157966042335
seismic,900,10-49,2433,2433,ngboost,I1,available,19.59548763096788,0.0010731617852566405,25.962186600904232,186.9153308672421,132.8668310727497,0.5577476366625566,0.8890258939580764,0.9510891903000411,0.9732840115084258,0.3872650077158375
seismic,900,10-49,2433,2433,nb2_glm,I0,available,26.705093992859695,0.001307211686125873,33.32963419646527,265.6465269214961,257.48376489930126,0.7016029593094945,0.9572544184134812,0.9889025893958077,0.9958898479243732,0.6373152556004961
seismic,900,10-49,2433,2433,nb2_glm,I1,available,22.830091133266876,0.0012634430588598128,29.210439786272094,217.67817509247843,184.64899301274147,0.6942046855733662,0.9301274147143445,0.9638306617344842,0.980682285244554,0.5189670105079051
seismic,900,10-49,2433,2433,poisson_glm,I0,available,35.0634792553912,0.0012330456226880395,39.128647759967116,569.3645704891081,27.235511713933416,0.1019317714755446,0.17139334155363747,0.21043978627209206,0.24702013974517056,0.8078903898987043
seismic,900,10-49,2433,2433,poisson_glm,I1,available,30.67511732117124,0.0012330456226883318,34.54870530209618,489.3210028771065,25.786272092067406,0.10028771064529388,0.1833127825729552,0.24126592683929304,0.279901356350185,0.6537757729329179
seismic,900,10-49,2433,2433,empirical_window,I0,available,25.448787733457028,0.0012483375804904786,29.25277435265105,354.9293053842992,351.0,0.594327990135635,0.9087546239210851,0.9708179202630497,0.9946568023016852,0.5113086473758126
seismic,900,10-49,2433,2433,conditional_empirical,I0,available,19.396142704480027,0.0011922729140978214,25.372379778051787,189.6687217427045,140.97163995067817,0.5565145910398684,0.8438142211261817,0.9325935059597205,0.9782161939991779,0.43320498555487036
seismic,900,50+,2294,2294,hurdle,I0,available,82.48489059735913,0.012112740201810345,107.69398430688753,833.3509154315606,375.01612903225805,0.5649520488230165,0.8430688753269399,0.9167393199651264,0.9507410636442895,1.2122457327408447
seismic,900,50+,2294,2294,hurdle,I1,available,69.47281790200495,0.00709093047974461,93.22755013077594,614.0488230165649,347.231037489102,0.5884917175239756,0.8465562336530078,0.9228421970357454,0.9594594594594594,0.8559434486505062
seismic,900,50+,2294,2294,qrf,I0,available,70.60608046030933,0.012059615148442898,96.58456843940715,629.9335948852078,458.9048241790177,0.530804998546934,0.8067422260970647,0.8988666085440279,0.9459459459459459,1.0161646614766315
seismic,900,50+,2294,2294,qrf,I1,available,59.765529867333555,0.009461885934076474,79.23641383318802,540.8262133100843,409.56785818076145,0.5745422842197035,0.8586166811973264,0.9383900029061321,0.97384481255449,0.701286162996341
seismic,900,50+,2294,2294,ngboost,I0,available,68.28952810835594,0.012175535470256139,93.07890148212729,611.8343504795117,487.5187445510026,0.56974716652136,0.8513513513513513,0.9267654751525719,0.9572798605056669,0.9887726082627273
seismic,900,50+,2294,2294,ngboost,I1,available,60.21724742843851,0.010181938648903677,80.56190061028771,567.129904097646,351.2275501307759,0.5610287707061901,0.8452484742807324,0.918918918918919,0.9594594594594594,0.6794576225364283
seismic,900,50+,2294,2294,nb2_glm,I0,available,82.4674240889031,0.012074978903386692,107.66259808195292,833.5675675675676,376.03487358326066,0.5684394071490846,0.8456843940714909,0.9180470793374019,0.9520488230165649,1.2111857443142704
seismic,900,50+,2294,2294,nb2_glm,I1,available,70.51358919465314,0.012124042052277765,94.58456843940715,624.8570183086313,346.34786399302527,0.5815170008718396,0.8334786399302528,0.9088927637314734,0.9463818657367045,0.994360681928999
seismic,900,50+,2294,2294,poisson_glm,I0,available,102.61055678636413,0.012205754141238012,109.41368788142982,1832.2240627724498,42.31124673060157,0.044463818657367045,0.07977332170880558,0.1006974716652136,0.12249346120313863,1.4377236843597192
seismic,900,50+,2294,2294,poisson_glm,I1,available,87.0387112943629,0.012211737963380216,93.09895379250219,1545.0091543156059,38.17393199651264,0.05884917175239756,0.10985178727114212,0.13818657367044465,0.16608544027898867,1.112740486082899
seismic,900,50+,2294,2294,empirical_window,I0,available,94.5612217253225,0.012104003874842588,120.94812554489974,1004.4001743679163,351.0,0.4097646033129904,0.7327811682650393,0.8622493461203139,0.9293809938971229,1.574748784387689
seismic,900,50+,2294,2294,conditional_empirical,I0,available,70.30193073234511,0.012040758500435919,94.4568439407149,621.220139494333,391.4293809938971,0.5340017436791631,0.8156059285091544,0.9128160418482999,0.9551002615518744,1.000048343104322
seismic,3600,0,26,26,hurdle,I0,available,84.58098280507531,4.4159671049504506e-05,99.61538461538461,1171.3076923076924,59.0,0.0,0.0,0.3076923076923077,0.4230769230769231,3.480487453523842
seismic,3600,0,26,26,hurdle,I1,available,44.68810728173527,1.0689799126939553e-06,54.76923076923077,455.2307692307692,246.0,0.8076923076923077,0.8846153846153846,0.9230769230769231,0.9230769230769231,0.4059766821160152
seismic,3600,0,26,26,qrf,I0,available,43.81554618169837,0.0,55.92307692307692,487.0,487.0,0.46153846153846156,0.7307692307692307,1.0,1.0,0.450025435432899
seismic,3600,0,26,26,qrf,I1,available,42.926246066791954,0.0,53.84615384615385,413.43589743589746,209.33333333333331,0.46153846153846156,0.7435897435897435,0.8461538461538461,1.0,0.3742264590614075
seismic,3600,0,26,26,ngboost,I0,available,43.258321583470476,1.1152979292956703e-14,54.30769230769231,443.2307692307692,234.0,0.8076923076923077,0.8846153846153846,0.9230769230769231,0.9230769230769231,0.39193084390826805
seismic,3600,0,26,26,ngboost,I1,available,43.47836926690916,3.9342909395732856e-20,54.30769230769231,490.0,180.0,0.6538461538461539,0.8461538461538461,0.8846153846153846,0.9230769230769231,0.39193084390826805
seismic,3600,0,26,26,nb2_glm,I0,available,85.1753844806494,0.0017997223009482688,100.61538461538461,1172.3076923076924,60.0,0.0,0.0,0.3076923076923077,0.4230769230769231,3.7136479188565654
seismic,3600,0,26,26,nb2_glm,I1,available,44.858156675533216,1.5037930077161936e-05,55.0,456.2307692307692,247.0,0.8076923076923077,0.8846153846153846,0.9230769230769231,0.9230769230769231,0.4137254271832345
seismic,3600,0,26,26,poisson_glm,I0,available,110.01843523482725,0.0008205410085623717,111.61538461538461,2158.3076923076924,6.0,0.0,0.0,0.0,0.0,10.321141942325779
seismic,3600,0,26,26,poisson_glm,I1,available,51.28206774927527,2.1011805861589581e-60,55.23076923076923,895.6923076923077,28.0,0.11538461538461539,0.3076923076923077,0.4230769230769231,0.5,0.4219836807952019
seismic,3600,0,26,26,empirical_window,I0,available,55.26041818589773,0.0002250000000000005,79.61538461538461,447.3076923076923,275.0,0.46153846153846156,0.8461538461538461,0.9230769230769231,0.9615384615384616,1.2607568987599498
seismic,3600,0,26,26,conditional_empirical,I0,available,42.32259230769225,0.0,53.61538461538461,447.38461538461536,172.0,0.5,0.7692307692307693,0.8846153846153846,1.0,0.3601786276007547
seismic,3600,1-2,20,20,hurdle,I0,available,48.63143506929563,6.18158113614767e-05,66.1,411.0,77.0,0.0,0.35,0.5,0.7,2.1057808124183346
seismic,3600,1-2,20,20,hurdle,I1,available,39.21629666199175,0.00012893408238046192,57.05,306.5,292.5,0.55,0.9,0.95,1.0,0.5788554542470865
seismic,3600,1-2,20,20,qrf,I0,available,19.6190457525204,0.0,28.5,180.2,180.2,0.45,0.85,1.0,1.0,0.14568895341515747
seismic,3600,1-2,20,20,qrf,I1,available,20.634067883745196,2.2838697518861668e-08,26.15,235.75,235.75,0.5666666666666667,0.9,1.0,1.0,0.135776768235161
seismic,3600,1-2,20,20,ngboost,I0,available,20.55892266866707,2.546891108744066e-14,25.2,219.6,219.6,0.75,1.0,1.0,1.0,0.14144643744118354
seismic,3600,1-2,20,20,ngboost,I1,available,19.444481011906024,4.545268879769283e-18,25.7,183.6,183.6,0.7,1.0,1.0,1.0,0.13326427652016276
seismic,3600,1-2,20,20,nb2_glm,I0,available,49.13077267341295,0.0010886353202223301,66.1,413.6,77.6,0.0,0.35,0.5,0.7,2.1057808124183346
seismic,3600,1-2,20,20,nb2_glm,I1,available,41.24934111127363,4.1590645865362846e-05,60.1,321.3,298.3,0.5,0.9,0.95,1.0,0.6442306486736837
seismic,3600,1-2,20,20,poisson_glm,I0,available,77.0134720578323,6.4330215517196875e-06,78.5,1490.4,8.4,0.0,0.0,0.0,0.0,5.837040419969575
seismic,3600,1-2,20,20,poisson_glm,I1,available,48.99185587211226,2.708667579164392e-29,53.45,837.25,26.25,0.05,0.05,0.05,0.1,0.6849086649083872
seismic,3600,1-2,20,20,empirical_window,I0,available,31.134820750000294,0.0002250000000000005,49.9,275.0,275.0,0.65,1.0,1.0,1.0,0.7745495958514048
seismic,3600,1-2,20,20,conditional_empirical,I0,available,20.47381999999991,0.0,25.9,203.2,203.2,0.6,0.9,1.0,1.0,0.1360960659854433
seismic,3600,3-9,51,51,hurdle,I0,available,37.35219620877357,9.292148026766535e-05,53.470588235294116,299.2352941176471,105.11764705882354,0.29411764705882354,0.6666666666666666,0.803921568627451,0.8823529411764706,1.208757239324752
seismic,3600,3-9,51,51,hurdle,I1,available,29.29441176460327,0.00038751248747979683,40.84313725490196,223.47058823529412,171.7058823529412,0.5686274509803921,0.8627450980392157,0.9019607843137255,0.9607843137254902,0.5361696894130329
seismic,3600,3-9,51,51,qrf,I0,available,24.13045226428821,0.0,28.83006535947712,300.3529411764706,297.0849673202614,0.5686274509803921,0.7777777777777777,0.8562091503267973,0.9803921568627451,0.1838587908381599
seismic,3600,3-9,51,51,qrf,I1,available,22.006095059468272,4.63379869308466e-09,28.9281045751634,216.84967320261444,216.19607843137254,0.5947712418300654,0.8823529411764706,0.9803921568627451,1.0,0.18955442968852979
seismic,3600,3-9,51,51,ngboost,I0,available,23.29768361816159,8.90328064905939e-14,30.352941176470587,197.72549019607843,162.0392156862745,0.7450980392156863,0.9019607843137255,0.9411764705882353,0.9803921568627451,0.26589931121818206
seismic,3600,3-9,51,51,ngboost,I1,available,22.04305863531796,5.1764362772007263e-17,29.254901960784313,194.90196078431373,147.05882352941177,0.6862745098039216,0.9019607843137255,0.9019607843137255,0.9607843137254902,0.2173887159725288
seismic,3600,3-9,51,51,nb2_glm,I0,available,37.68619169014433,0.000592342690358596,53.94117647058823,299.70588235294116,105.58823529411765,0.27450980392156865,0.6666666666666666,0.803921568627451,0.8823529411764706,1.2451544311169622
seismic,3600,3-9,51,51,nb2_glm,I1,available,29.639317049083864,9.601839747963876e-05,41.94117647058823,221.1764705882353,170.58823529411765,0.5294117647058824,0.8627450980392157,0.9019607843137255,0.9607843137254902,0.5731234211401538
seismic,3600,3-9,51,51,poisson_glm,I0,available,63.79641853602847,1.9076496198688936e-09,66.01960784313725,1204.1960784313726,11.647058823529411,0.0,0.0,0.0,0.0,2.9849795162277664
seismic,3600,3-9,51,51,poisson_glm,I1,available,39.578976762004416,1.2701197181759078e-16,42.88235294117647,688.156862745098,21.098039215686274,0.09803921568627451,0.23529411764705882,0.27450980392156865,0.27450980392156865,0.6535496984790615
seismic,3600,3-9,51,51,empirical_window,I0,available,29.82822663235323,0.00022500000000000056,44.254901960784316,275.0,275.0,0.6470588235294118,0.9607843137254902,1.0,1.0,0.6712699011897657
seismic,3600,3-9,51,51,conditional_empirical,I0,available,22.7954392156862,0.0,27.607843137254903,240.1764705882353,238.2156862745098,0.5490196078431373,0.7647058823529411,0.9019607843137255,0.9411764705882353,0.17544294262756907
seismic,3600,10-49,1585,1585,hurdle,I0,available,20.956705892829966,0.003242634283433178,27.022082018927446,204.63217665615142,172.405047318612,0.6208201892744479,0.9198738170347003,0.9697160883280758,0.9848580441640379,0.9196422266190407
seismic,3600,10-49,1585,1585,hurdle,I1,available,19.67237805053684,0.0020390954565797648,26.0006309148265,188.37476340694008,137.93943217665614,0.5659305993690852,0.8933753943217666,0.9488958990536278,0.9665615141955836,0.8019113985862546
seismic,3600,10-49,1585,1585,qrf,I0,available,14.121662492801445,0.0030270996057677932,17.95878023133544,158.7385909568875,108.29484752891693,0.5570977917981073,0.8689800210304942,0.9518401682439537,0.9793901156677182,0.46195884759076317
seismic,3600,10-49,1585,1585,qrf,I1,available,14.291838158627577,0.0021415729964876945,18.06035751840168,162.34616193480548,120.70998948475288,0.6014721345951629,0.8967402733964249,0.9522607781282859,0.974553101997897,0.4398629457791358
seismic,3600,10-49,1585,1585,ngboost,I0,available,14.87365861409147,0.0030914139954788624,18.47507886435331,169.1217665615142,99.7211356466877,0.682018927444795,0.9123028391167193,0.9476340694006309,0.967192429022082,0.4933376872318264
seismic,3600,10-49,1585,1585,ngboost,I1,available,15.066620927674148,0.0027131424993796834,19.237854889589904,164.48832807570977,92.8794952681388,0.604416403785489,0.8813880126182966,0.9394321766561514,0.9608832807570978,0.4847034369855588
seismic,3600,10-49,1585,1585,nb2_glm,I0,available,20.947540042730836,0.0032871792655170197,27.04794952681388,204.81451104100947,172.61261829652997,0.6264984227129338,0.9198738170347003,0.9697160883280758,0.9848580441640379,0.9215759885152796
seismic,3600,10-49,1585,1585,nb2_glm,I1,available,19.795848375837142,0.0032186057159112455,26.085173501577287,190.1242902208202,140.19369085173503,0.5703470031545741,0.897160883280757,0.9476340694006309,0.9684542586750788,0.826944742691274
seismic,3600,10-49,1585,1585,poisson_glm,I0,available,26.271122084774543,0.0031545741324921143,29.485173501577286,420.69085173501577,21.258675078864353,0.0832807570977918,0.16466876971608832,0.20378548895899054,0.2473186119873817,1.0621767221749576
seismic,3600,10-49,1585,1585,poisson_glm,I1,available,28.156861575598008,0.003154574133409935,31.562776025236595,453.5981072555205,22.21640378548896,0.07886435331230283,0.15141955835962145,0.1886435331230284,0.22586750788643534,1.0433410806234635
seismic,3600,10-49,1585,1585,empirical_window,I0,available,20.030706869874088,0.003284936908517351,22.545741324921135,282.98738170347,275.0,0.6574132492113565,0.938801261829653,0.9804416403785489,0.9924290220820189,0.708814742414618
seismic,3600,10-49,1585,1585,conditional_empirical,I0,available,14.148910662460546,0.002970851735015773,17.929968454258674,154.85741324921136,97.26750788643533,0.5741324921135647,0.8643533123028391,0.9482649842271293,0.979179810725552,0.464707725578917
seismic,3600,50+,3318,3318,hurdle,I0,available,49.79702700861852,0.021600616342899302,64.8372513562387,507.74141048824595,245.63170584689573,0.5201928872814949,0.824291742013261,0.9116937914406269,0.9517781796262809,1.5499230480350472
seismic,3600,50+,3318,3318,hurdle,I1,available,42.071948362575114,0.013602433948329147,55.532851115129596,404.69770946353225,223.31133212778784,0.5440024110910187,0.8357444243520193,0.9225437010247137,0.9514767932489452,1.110716119658617
seismic,3600,50+,3318,3318,qrf,I0,available,41.58658650001631,0.021501123228699907,55.896021699819165,384.30942334739797,291.94856339160134,0.5479204339963833,0.8164556962025317,0.9150090415913201,0.959915611814346,1.085474594113144
seismic,3600,50+,3318,3318,qrf,I1,available,38.24854669021562,0.0151424939934829,49.491963029937715,378.89883463934103,279.9536869600161,0.5603777375929274,0.8473980309423348,0.9283705043198713,0.9686558167570826,0.7653467487573382
seismic,3600,50+,3318,3318,ngboost,I0,available,40.94974370841694,0.021721249229673854,54.302893309222426,378.998191681736,279.6913803496082,0.5889089813140446,0.836045810729355,0.9107896323086196,0.945750452079566,1.0744177964152735
seismic,3600,50+,3318,3318,ngboost,I1,available,37.395454867047945,0.017189777412730617,48.833936106088004,368.24502712477397,228.8236889692586,0.5527426160337553,0.8297166968053044,0.9083785412899337,0.9493670886075949,0.7718816156770645
seismic,3600,50+,3318,3318,nb2_glm,I0,available,49.72008955402004,0.021609739758608852,64.70705244122966,507.3975286317058,245.20343580470163,0.5183845690174804,0.824291742013261,0.9101868595539482,0.946955997588909,1.5468251446187136
seismic,3600,50+,3318,3318,nb2_glm,I1,available,43.045567293306796,0.02175248097614111,56.85985533453888,413.17510548523205,223.68746232670284,0.5346594333936107,0.823086196503918,0.9005424954792043,0.9324894514767933,1.3073708380515912
seismic,3600,50+,3318,3318,poisson_glm,I0,available,63.76158226010055,0.022001205545509342,68.89481615430982,1109.4388185654009,32.19349005424955,0.04219409282700422,0.08047016274864376,0.09885473176612417,0.1220614828209765,1.8516519010286538
seismic,3600,50+,3318,3318,poisson_glm,I1,available,57.61624520789016,0.022004083616014778,62.43399638336347,995.9249547920434,30.74713682941531,0.056660638939119955,0.09945750452079566,0.12869198312236288,0.14978902953586498,1.6274043242039515
seismic,3600,50+,3318,3318,empirical_window,I0,available,54.417018037522894,0.021566169379144066,68.66877637130801,602.3417721518987,275.0,0.46986136226642555,0.7938517179023508,0.8966244725738397,0.9409282700421941,1.663897635365137
seismic,3600,50+,3318,3318,conditional_empirical,I0,available,41.30363987341765,0.021507052441229656,54.211271850512354,406.8354430379747,246.90174804098854,0.5509342977697408,0.8273056057866185,0.9204339963833634,0.961121157323689,1.0766791412014058
